Job Title,Company,Location,Job Post
['Software Engineer'],['LISNR'],"['Cincinnati, OH']"
['Junior Software Engineer'],['Jacobs'],"['Beavercreek, OH']"
['Software Engineer'],['Fidelity Investments'],"['Covington, KY']"
['Software Engineer'],['Flooid'],"['Cincinnati, OH']"
['Software Engineer'],['Google'],"['Irvine, CA']"
['Software Engineer'],['JPMorgan Chase & Co.'],"['Columbus, OH']"
['Software Engineer'],['Tesla'],"['Bellevue, WA']"
['Software Engineer'],['Insight'],"['Cincinnati, OH']"
['Software Engineer - US'],['N26'],"['New York, NY']"
['Software Engineer - New Grad'],['Plaid'],"['Salt Lake City, UT']"
['Software Engineer'],['Jobot'],"['Cincinnati, OH']"
['Entry level software Engineer'],['Tata Consultancy Services'],"['Cincinnati, OH']"
['Software Engineer'],['SurveyMonkey'],"['San Mateo, CA']"
['Software Engineer'],['Warner Bros. Entertainment'],"['Chicago, IL']"
['Software Engineer'],['Apple'],"['Cupertino, CA']"
"['Software Engineer, Automation']",['Tinder'],"['Los Angeles, CA']"
['Software Engineer II'],['Nike'],"['Beaverton, OR']"
['Software Engineer'],['Medpace'],"['Cincinnati, OH']"
['Software Engineer'],['Twitch'],"['San Francisco, CA']"
"['Software Engineer, NYT Games']",['The New York Times'],"['New York, NY']"
['Jr. Software Engineer'],"['StarsHR, Inc.']","['Pittsburgh, PA']"
['Entry Level Software Engineer/Developer'],['Systems & Technology Research'],"['Dayton, OH']"
['Software Engineer I'],['Intelligrated'],"['Mason, OH']"
['Software Engineer'],['Anheuser-Busch'],['New York City Metropolitan Area']
['Software Engineer'],['Shipt'],"['Birmingham, AL']"
['Software Engineer'],['Airlines Reporting Corporation (ARC)'],"['Louisville, Kentucky, United States']"
['Software Engineer'],['Twitch'],"['San Francisco, California, United States']"
['Software Test Engineer'],['Philips'],"['Cambridge, Massachusetts, United States']"
['Jr. Software Engineer'],"['StarsHR, Inc.']","['Pittsburgh, Pennsylvania, United States']"
['Software Engineer - ojrgefwY'],['Ontario Systems'],"['Indianapolis, Indiana, United States']"
['R&D Software Engineer'],"['TENET 3, LLC']","['Dayton, Ohio, United States']"
['Software Engineer - New Grad'],['Plaid'],"['Salt Lake City, Utah, United States']"
['Software Engineer II'],['FIS'],"['Cincinnati, Ohio, United States']"
['Software Test Engineer'],"['School Pathways, LLC']","['California, United States']"
['Senior Software Engineer'],['GoFundMe'],"['Redwood City, California, United States']"
"['Software Test Engineer, Junior']",['Booz Allen Hamilton'],"['Chantilly, Virginia, United States']"
['Software Engineer'],['Jobot'],"['Cincinnati, Ohio, United States']"
['Software Engineer'],['PayPal'],"['Timonium, Maryland, United States']"
['Software Engineer (Research & Engineering)'],['The Walt Disney Studios'],"['Greenwich, Connecticut, United States']"
['Software Engineer'],['Microsoft'],"['Atlanta, Georgia, United States']"
['Jr. Software Dev Engineer'],['Amazon'],"['Detroit, Michigan, United States']"
['Junior Software Test Engineer'],"['Apogee Solutions, Inc']","['Suffolk, Virginia, United States']"
['Entry Level Software Engineer'],['Hi Marley Inc'],"['Boston, Massachusetts, United States']"
['Software Test Engineer'],['General Motors'],"['Austin, Texas, United States']"
['Software Engineer II'],['Uber'],"['Sunnyvale, California, United States']"
['Software Engineer'],['Yale University'],"['New Haven, Connecticut, United States']"
['Software Engineer'],['Fashion Nova'],"['Vernon, California, United States']"
['Software Test Engineer'],['ATR International'],"['San Diego, California, United States']"
['Software Engineer - TikTok Backend'],['TikTok'],"['Mountain View, California, United States']"
['Software Engineer'],['Pizza Hut'],"['Plano, Texas, United States']"
['Software Engineer'],"['Mercedes-Benz Research & Development North America, Inc.']","['Seattle, Washington, United States']"
['IT Software Engineer/Java'],['UBS'],"['New York, New York, United States']"
['Software Test Engineer'],['HYTORC'],"['Mahwah, New Jersey, United States']"
['Software Test Engineer'],['DataChat Inc.'],"['Madison, Wisconsin, United States']"
['Federal - Junior Software Test Engineer'],['Accenture Federal Services'],"['San Antonio, Texas, United States']"
['Software Engineer'],['Shipt'],"['Birmingham, Alabama, United States']"
['Telecommuter - Software Test Engineer'],['Symetra'],"['Bellevue, Washington, United States']"
"['Software Engineer, Data Services']",['Alaska Airlines'],"['Seattle, Washington, United States']"
['Software Engineer Python'],['Two Fish Creative'],"['West Palm Beach, Florida, United States']"
['Software Engineer I'],['Intelligrated'],"['Mason, Ohio, United States']"
['Software Engineer'],"['Fanatics, Inc.']","['Jacksonville, Florida, United States']"
"['MTS2, Software Engineer']",['eBay'],"['San Jose, California, United States']"
['Software Engineer (VP) - ClearFactr'],['Goldman Sachs'],"['Dallas, Texas, United States']"
['Software Engineer'],['Skill Demand'],"['Cincinnati, Ohio, United States']"
"['Software Engineer, Integrations']",['Square'],"['San Francisco, California, United States']"
['Software Test Engineer-Expert'],['UPMC'],"['Pittsburgh, Pennsylvania, United States']"
['Software Engineer Embedded'],['Fastenal Company'],"['West Chester, Ohio, United States']"
['Junior Software Engineer'],['Leidos'],"['Reston, Virginia, United States']"
['Software Test Engineer - Remote'],['Harbor Compliance'],"['Lancaster, Pennsylvania, United States']"
['Associate Software Engineer'],['Boeing'],"['El Segundo, California, United States']"
['Software Test Engineer'],['Xsense.ai'],"['Mountain View, California, United States']"
['Software Engineer'],['The Washington Post'],"['Washington, District of Columbia, United States']"
['Software Engineer'],['Remi'],"['Charlotte, North Carolina, United States']"
['Senior Software Quality Engineer '],['Johnson & Johnson'],"['Cincinnati, Ohio, United States']"
['Software QA Engineer'],['ASML'],"['San Jose, California, United States']"
['System/Software Test Engineer'],['Qualcomm'],"['San Diego, California, United States']"
['Software Engineer'],['II-VI Incorporated'],"['Dayton, Ohio, United States']"
['Software Test Engineer'],['MetaBank'],"['Seattle, Washington, United States']"
['Software Engineer'],['Group Nine Media'],"['New York, New York, United States']"
['Test Engineer'],['Flex'],"['Milpitas, California, United States']"
['Software Engineer'],['Pendulum'],"['San Francisco, California, United States']"
['Software Engineer'],['Olive'],"['Columbus, Ohio, United States']"
['Software Engineer - 100% Remote'],['Hamilton Porter'],"['Fort Lauderdale, Florida, United States']"
['Software Test Engineer'],['Boeing Intelligence & Analytics'],"['Annapolis, Maryland, United States']"
['Software Test Engineer'],"['APMEX, Inc.']","['Oklahoma City, Oklahoma, United States']"
['IT Software Engineer'],['RWE Renewables'],"['Austin, Texas, United States']"
['Software Engineer (Remote)'],['goPuff'],"['Philadelphia, Pennsylvania, United States']"
['Software Engineer I'],['Root Inc.'],"['Columbus, Ohio, United States']"
['Software Engineer'],['John Deere'],"['Johnston, Iowa, United States']"
['Software Test Engineer'],"['Vector Consulting, Inc']","['Alexandria, Virginia, United States']"
['SOFTWARE TEST ENGINEER'],['University of Washington'],"['Seattle, Washington, United States']"
['Software Engineer'],['INSIGHT (UK) LIMITED'],"['Cincinnati, Ohio, United States']"
['Software Engineer'],['Stitch Fix'],"['Remote, Oregon, United States']"
['Software Engineer'],['SurveyMonkey'],"['San Mateo, California, United States']"
"['Software Test Engineer, Mobile']",['Groupon'],"['Chicago, Illinois, United States']"
['Software Engineer'],['Lockheed Martin'],"['Fort Worth, Texas, United States']"
['Software Engineer'],['Arthur Grand Technologies'],"['Charlotte, North Carolina, United States']"
['Software Engineer'],['Virginia Credit Union'],"['Midlothian, Virginia, United States']"
['Software Engineer-Backend (Remote)'],"[""Kohl's""]","['Menomonee Falls, Wisconsin, United States']"
['software engineer'],['Dell'],"['Round Rock, Texas, United States']"
['Software Engineer'],['University of Chicago'],['Greater Chicago Area']
['Software Engineer'],['Tangram Flex'],"['Dayton, Ohio, United States']"
['Software Engineer - Atlanta (Multiple Positions)'],['T-Mobile'],"['Atlanta, Georgia, United States']"
['Software Engineer'],['Allpax'],"['Covington, Louisiana, United States']"
['Software Engineer - Quip'],['Quip'],"['San Francisco, California, United States']"
['Software Test Engineer'],['Odd Shoes'],"['Andover, New Hampshire, United States']"
['Software Engineer'],['Modis'],"['Carrollton, Kentucky, United States']"
['Entry-Level Software Test Engineer'],['Gainwell Technologies'],"['El Paso, Texas, United States']"
['Hiring Entry Level Software Engineer'],['AG Technologies'],"['Dayton, Ohio, United States']"
['Software Engineer'],['Thomson Reuters'],"['McLean, Virginia, United States']"
"['Software Engineer, Backend']",['Samba TV'],"['San Francisco, California, United States']"
['Software Development Engineer'],['Bosch USA'],"['Plymouth, Michigan, United States']"
['Software Engineer'],['ShipStation'],"['Austin, Texas, United States']"
['Software Engineer'],['nbkc bank'],['Kansas City Metropolitan Area']
['Software Engineer'],['Tech Mahindra'],"['Southfield, Michigan, United States']"
"['Software Engineer, China SF']",['Airbnb'],"['San Francisco, California, United States']"
['Software Engineer'],['Stamps.com'],"['Austin, Texas, United States']"
['Software Engineer'],['Open Commons Consortium'],"['Chicago, Illinois, United States']"
['Software Engineer - Fullstack'],['REPLICA'],['Kansas City Metropolitan Area']
['Software Test Engineer'],['Emerson Automation Solutions'],"['Shakopee, Minnesota, United States']"
['Software Engineer: Vehicle Control'],['THORDRIVE'],"['Cincinnati, Ohio, United States']"
['Software Test Engineer'],['CODE CORPORATION'],['Greater Boston']
['Siemens PLM Software System Engineer '],['PROLIM Corporation'],"['Cincinnati, Ohio, United States']"
['Software Engineer'],['Argonne National Laboratory'],"['Lemont, Illinois, United States']"
['Software Test Engineer'],['Brightree'],"['Brentwood, Tennessee, United States']"
['Software / DevOps Engineer'],['Fulfill Team Inc.'],"['Durham, North Carolina, United States']"
['Vehicle Automation Software Engineer'],['SpaceX'],"['Hawthorne, California, United States']"
['Software Engineer'],['LCBO'],"['Ontario, California, United States']"
['Software Test Engineer'],"['Phoenix Logistics, Inc.']","['Orlando, Florida, United States']"
['Software Engineer II'],['Honeywell'],"['Kansas City, Kansas, United States']"
['Software Engineer'],['Medical Service Company'],"['Chicago, Illinois, United States']"
['Software Engineer - Entry Level'],['NASA Jet Propulsion Laboratory'],"['Pasadena, California, United States']"
['Software Engineer'],['CSC'],"['Buffalo Grove, Illinois, United States']"
['Software Engineer'],['Joyride Auto Auctions'],"['San Francisco, California, United States']"
['Software Engineer'],"['Konami Gaming, Inc.']","['Las Vegas, Nevada, United States']"
['Software Test Engineer'],['Kelly'],"['Solon, Ohio, United States']"
"['Software Engineer, Web Applications']",['Poshmark'],"['Redwood City, California, United States']"
['Software Engineer'],['Buckeye Broadband'],"['Toledo, Ohio Metropolitan Area']"
['Software Test Engineer'],['iRobot'],"['Bedford, Massachusetts, United States']"
['Software Engineer'],['Greenlots'],"['Los Angeles, California, United States']"
['Software Test Engineer'],['Applied Medical'],"['Rancho Santa Margarita, California, United States']"
['Software Engineer'],['Purple'],"['Lehi, Utah, United States']"
"['Software Engineer, Applications']",['Instabase'],['San Francisco Bay Area']
['Software Engineer'],['Bolt'],"['San Francisco, California, United States']"
['Software Engineer'],['Iconstaff'],"['Chelmsford, Massachusetts, United States']"
"['Software Engineer, FlashArray']",['Pure Storage'],"['San Francisco, California, United States']"
['Software Test Engineer'],['Tug Agency'],"['San Diego, California, United States']"
['Internal Software Engineer'],['Facebook'],"['Menlo Park, California, United States']"
['Software Test Engineer'],"['Metron, Inc.']","['Reston, Virginia, United States']"
['Appium Automation Test Engineer'],['Dice'],"['Cincinnati, Ohio, United States']"
['Software Engineer'],['Clover Health'],"['Nashville, Tennessee, United States']"
['Software Engineer'],['Snap Inc.'],['Greater Seattle Area']
['Software Engineer'],['Topstep'],"['Chicago, Illinois, United States']"
"['Staff Software Test Engineer, Open VisaNet']",['Visa'],"['Foster City, California, United States']"
['Software Engineer'],"['ASPEN CAPITAL, INC']","['New York, New York, United States']"
['Software Engineer'],['J.P. Morgan'],"['Newark, Delaware, United States']"
['Software Engineer'],['Koala'],"['Brooklyn, New York, United States']"
['Software Test Engineer'],['Amdocs'],"['Philadelphia, Pennsylvania, United States']"
['Software Engineer/Architect'],['Halliburton'],"['Houston, Texas, United States']"
['Software Engineer-Remote'],['TigerGraph'],"['Redwood City, California, United States']"
['Software Engineer'],['Clubessential Holdings'],"['Essex Junction, Vermont, United States']"
['Software Test Engineer'],['EASi'],"['Seattle, Washington, United States']"
['Junior Software Engineer - Emerging Technology'],['Homepoint'],"['Dallas, Texas, United States']"
['Software Engineer'],['The Geneva Foundation'],"['Frederick, Maryland, United States']"
['Software Engineer'],['AcuStaf Development Corporation'],"['Minneapolis, Minnesota, United States']"
['Software Engineer'],['Applied Research Solutions'],"['Dayton, Ohio, United States']"
['Software Engineer'],['Finastra'],"['Mequon, Wisconsin, United States']"
['Mobile Software Engineer'],['TSYS'],"['Lenexa, Kansas, United States']"
['Software Engineer'],['Genesys'],['Greater Indianapolis']
